<?xml version="1.0" encoding="UTF-8"?>
<!DOCTYPE mapper PUBLIC "-//mybatis.org//DTD Mapper 3.0//EN" "http://mybatis.org/dtd/mybatis-3-mapper.dtd">
<mapper namespace="com.eyes.train.mapper.ConfigureMapper">

    <!-- 通用查询映射结果 -->
    <resultMap id="BaseResultMap" type="com.eyes.train.entity.Configure">
        <id column="id" property="id" />
        <result column="user_id" property="userId" />
        <result column="enabledAutoCheckUpdate" property="enabledAutoCheckUpdate" />
        <result column="enabledAutoCheckup" property="enabledAutoCheckup" />
        <result column="enabledAutoOptimizeNet" property="enabledAutoOptimizeNet" />
        <result column="needSaveCheckupReport" property="needSaveCheckupReport" />
        <result column="needSaveNetOptimizeReport" property="needSaveNetOptimizeReport" />
        <result column="needSaveSpeedMeasureReport" property="needSaveSpeedMeasureReport" />
        <result column="create_time" property="createTime" />
        <result column="update_time" property="updateTime" />
    </resultMap>

</mapper>
