<?xml version="1.0" encoding="UTF-8"?>
<!DOCTYPE mapper PUBLIC "-//mybatis.org//DTD Mapper 3.0//EN" "http://mybatis.org/dtd/mybatis-3-mapper.dtd">
<mapper namespace="com.eyes.train.mapper.TrafficMapper">

    <!-- 通用查询映射结果 -->
    <resultMap id="BaseResultMap" type="com.eyes.train.entity.Traffic">
        <id column="id" property="id" />
        <result column="user_id" property="userId" />
        <result column="name" property="name" />
        <result column="mark" property="mark" />
        <result column="upload" property="upload" />
        <result column="download" property="download" />
        <result column="date" property="date" />
        <result column="create_time" property="createTime" />
    </resultMap>

</mapper>
