<?xml version="1.0" encoding="UTF-8" ?>
<!DOCTYPE mapper PUBLIC "-//mybatis.org//DTD Mapper 3.0//EN" "http://mybatis.org/dtd/mybatis-3-mapper.dtd">

<mapper namespace="com.training.contract_backend.mapper.ContractMapper">

    <!--    &lt;!&ndash;    专题分析 根据签单状态和条件查询结果&ndash;&gt;-->
    <!--    <select id="findByCondition" parameterType="com.training.contract_backend.model.Do.ContractDo" resultType="com.training.contract_backend.model.Do.ContractDo">-->
    <!--        select * from contract-->
    <!--        <where>-->
    <!--            <if test="contractStatus!=0">-->
    <!--                and contract_status=#{contractStatus}-->
    <!--            </if>-->
    <!--            <if test="BG!=0">-->
    <!--                and BG=#{BG}-->
    <!--            </if>-->
    <!--            <if test="BU!=0">-->
    <!--                and BU=#{BU}-->
    <!--            </if>-->
    <!--            <if test="province!=0">-->
    <!--                and province=#{province}-->
    <!--            </if>-->
    <!--            <if test="region!=0">-->
    <!--                and region=#{region}-->
    <!--            </if>-->
    <!--            <if test="industry!=0">-->
    <!--                and industry=#{industry}-->
    <!--            </if>-->
    <!--            <if test="industryChild!=0">-->
    <!--                and industry_child=#{industryChild}-->
    <!--            </if>-->
    <!--        </where>-->
    <!--    </select>-->

    <!--    专题分析 根据签单状态和条件查询结果 分页查询 权限管理-->
    <select id="findByCondition" parameterType="com.training.contract_backend.model.Do.ContractDo" resultType="com.training.contract_backend.model.Do.ContractDo">
        select * from contract
        <where>
            <if test="contractDo.contractStatus!=0">
                and contract_status=#{contractDo.contractStatus}
            </if>
            <if test="contractDo.BG!=0">
                and BG=#{contractDo.BG}
            </if>
            <if test="contractDo.BU!=0">
                and BU=#{contractDo.BU}
            </if>
            <if test="contractDo.province!=0">
                and province=#{contractDo.province}
            </if>
            <if test="contractDo.region!=0">
                and region=#{contractDo.region}
            </if>
            <if test="contractDo.industry!=0">
                and industry=#{contractDo.industry}
            </if>
            <if test="contractDo.industryChild!=0">
                and industry_child=#{contractDo.industryChild}
            </if>
            <if test="role==1">
                and limit_department=#{limitDepartment}
            </if>
        </where>
    </select>

    <!--    合同首页 根据时间返回结果 分页查询 权限管理-->
    <select id="findByTime" resultType="com.training.contract_backend.model.Do.ContractDo">
        select * from contract
        <where>
            and contract_status=#{status}
            and create_time between CONCAT(#{time},'-1-1') and CONCAT(#{time},'-12-31')
            <if test="role==1">
                and limit_department=#{limitDepartment}
            </if>
            <if test="role==2">
                and limit_user=#{limitUser}
            </if>
        </where>
    </select>

    <!--    合同首页 预览合同-->
    <select id="previewContract" parameterType="string" resultType="com.training.contract_backend.model.Do.ContractDo">
        select * from contract where name=#{name}
    </select>

    <!--    合同首页 付款节点-->
    <select id="findContractPay" parameterType="string" resultType="com.training.contract_backend.model.Do.ContractPayDo">
        select * from contract_pay where contract_id=(
            select id from contract where name=#{name}
        )
    </select>

    <!--    合同看板 搜索合同 分页查询 权限管理-->
    <select id="findByName" resultType="com.training.contract_backend.model.Do.ContractDo">
        select * from contract
        <where>
            and contract_status=#{status}
            and name like CONCAT('%',#{name},'%')
            <if test="role==1">
                and limit_department=#{limitDepartment}
            </if>
            <if test="role==2">
                and limit_user=#{limitUser}
            </if>
        </where>
    </select>

    <!--    合同看板 关闭合同-->
    <update id="closeContract" parameterType="string">
        update contract set contract_status=2 where name=#{name}
    </update>

    <!--    合同看板 进入合同-->
    <!--    contract内封装contractpay和contracttype数组-->
    <resultMap id="contractMap" type="com.training.contract_backend.model.Do.ContractDo">
        <!--        contract信息-->
        <id column="cid" property="id"></id>
        <result column="name" property="name"></result>
        <result column="identifier" property="identifier"></result>
        <result column="customer" property="customer"></result>
        <result column="BG" property="BG"></result>
        <result column="BU" property="BU"></result>
        <result column="industry" property="industry"></result>
        <result column="industry_child" property="industryChild"></result>
        <result column="project_type" property="projectType"></result>
        <result column="region" property="region"></result>
        <result column="organization" property="organization"></result>
        <result column="province" property="province"></result>
        <result column="account_manager" property="accountManager"></result>
        <result column="product_line" property="productLine"></result>
        <result column="customer_organ" property="customerOrgan"></result>
        <result column="create_time" property="createTime"></result>
        <result column="contract_status" property="contractStatus"></result>
        <result column="protection_time" property="protectionTime"></result>
        <result column="currency" property="currency"></result>
        <result column="is_bond" property="isBond"></result>
        <result column="pay_type" property="payType"></result>
        <result column="contract_body" property="contractBody"></result>
        <result column="gross_profit_table" property="grossProfitTable"></result>
        <result column="schedule_prices_table" property="schedulePricesTable"></result>
        <result column="other_info" property="otherInfo"></result>
        <result column="contract_type_num" property="contractTypeNum"></result>
        <result column="contract_total_money" property="contractTotalMoney"></result>
        <result column="contract_total_tax" property="contractTotalTax"></result>
        <!--        contract内contractpay信息-->
        <collection property="contractPayDoList" ofType="com.training.contract_backend.model.Do.ContractPayDo">
            <result column="pcid" property="contractId"></result>
            <result column="time_node" property="timeNode"></result>
            <result column="pay_money" property="payMoney"></result>
            <result column="pay_rate" property="payRate"></result>
            <result column="pay_node" property="payNode"></result>
            <result column="pay_condition" property="payCondition"></result>
        </collection>
        <!--        contract内contracttype信息-->
        <collection property="contractTypeDoList" ofType="com.training.contract_backend.model.Do.ContractTypeDo">
            <result column="tcid" property="contractId"></result>
            <result column="type" property="type"></result>
            <result column="money" property="money"></result>
            <result column="tax_rate" property="taxRate"></result>
            <result column="tax_money" property="taxMoney"></result>
        </collection>
    </resultMap>
    <select id="enterContract" parameterType="string" resultMap="contractMap">
        select *,c.id cid,t.contract_id tcid,p.contract_id pcid from contract c
                                                                         join contract_type t on c.id = t.contract_id
                                                                         left join contract_pay p on c.id = p.contract_id
        where name=#{name}
    </select>

    <!--    创建合同 权限管理-->
    <select id="judgeContract" resultType="com.training.contract_backend.model.Do.ContractDo" parameterType="com.training.contract_backend.model.Do.ContractDo">
        select * from contract where name=#{name}
    </select>
    <insert id="saveContract" keyProperty="contractDo.id" useGeneratedKeys="true">
        insert into contract (name,identifier,customer,BG,BU,industry,industry_child,project_type,region,organization,province,account_manager,product_line,customer_organ,create_time,contract_status,protection_time,currency,is_bond,pay_type,contract_body,gross_profit_table,schedule_prices_table,other_info,contract_type_num,contract_total_money,contract_total_tax,limit_department,limit_user)
        values(#{contractDo.name},#{contractDo.identifier},#{contractDo.customer},#{contractDo.BG},#{contractDo.BU},#{contractDo.industry},#{contractDo.industryChild},#{contractDo.projectType},#{contractDo.region},#{contractDo.organization},#{contractDo.province},#{contractDo.accountManager},#{contractDo.productLine},#{contractDo.customerOrgan},#{contractDo.createTime},#{contractDo.contractStatus},#{contractDo.protectionTime},#{contractDo.currency},#{contractDo.isBond},#{contractDo.payType},#{contractDo.contractBody},#{contractDo.grossProfitTable},#{contractDo.schedulePricesTable},#{contractDo.otherInfo},#{contractDo.contractTypeNum},#{contractDo.contractTotalMoney},#{contractDo.contractTotalTax},#{limitDepartment},#{limitUser});
    </insert>
    <insert id="saveContractInfo" parameterType="com.training.contract_backend.model.Do.ContractDo">
        <if test="contractPayDoList!=null">
            insert into contract_pay(contract_id,time_node,pay_money,pay_rate,pay_node,pay_condition)
            values
            <foreach collection="contractPayDoList" item="contractPay" index="index" separator=",">
                (#{id},#{contractPay.timeNode},#{contractPay.payMoney},#{contractPay.payRate},#{contractPay.payNode},#{contractPay.payCondition})
            </foreach>
            ;
        </if>
        <if test="contractTypeDoList!=null">
            insert into contract_type(contract_id,type,money,tax_rate,tax_money)
            values
            <foreach collection="contractTypeDoList" item="contractType" index="index" separator=",">
                (#{id},#{contractType.type},#{contractType.money},#{contractType.taxRate},#{contractType.taxMoney})
            </foreach>
        </if>
    </insert>

    <!--    新增客户-->
    <select id="judgeCustomer" resultType="com.training.contract_backend.model.Do.CustomerDo" parameterType="com.training.contract_backend.model.Do.CustomerDo">
        select * from customer where name=#{name}
    </select>
    <insert id="saveCustomer" parameterType="com.training.contract_backend.model.Do.CustomerDo">
        insert into customer (name,level,industry,postal_code,province,city,county,address,invoice_organization,invoice_tax_number,invoice_phone,invoice_address,invoice_bank,invoice_account)
        values(#{name},#{level},#{industry},#{postalCode},#{province},#{city},#{county},#{address},#{invoiceOrganization},#{invoiceTaxNumber},#{invoicePhone},#{invoiceAddress},#{invoiceBank},#{invoiceAccount})
    </insert>

    <!--    所有客户-->
    <select id="findCustomer" resultType="com.training.contract_backend.model.Do.CustomerDo">
        select * from customer
    </select>

</mapper>