<?xml version="1.0" encoding="UTF-8" ?>
<!DOCTYPE mapper
        PUBLIC "-//mybatis.org//DTD Mapper 3.0//EN"
        "http://mybatis.org/dtd/mybatis-3-mapper.dtd">

<mapper namespace="com.training.contract_backend.mapper.WeeklyMapper">
    <select id="selectByCondition" resultType="com.training.contract_backend.model.Dto.WeeklyDto">
        select weekly.id,weekly.create_time date,weekly.week_flag,user.name,weekly.signature,weekly.money,weekly.project,weekly.other_content
        from weekly , user
        where weekly.user_id=user.id
        <if test="date != null">
            and weekly.create_time = #{date}
        </if>
        <if test="department != null">
            and user.department = #{department}
        </if>
        <if test="name != null and name != ''">
            and user.name = #{name}
        </if>
        <if test="role == 1">
            and user.department = #{userDepartment}
        </if>
        <if test="role == 2">
            and user.department = #{userDepartment}
            and weekly.user_id = #{limitId}
        </if>


    </select>

    <select id="weeklycheck" resultType="com.training.contract_backend.model.Dto.ShowWeeklyDto">
            select u.name, u.avatar, w.signature, w.money, w.project, w.other_content, w.create_time as date, w.next_week_work, w.problem_and_think, w.remarks
            from user u, weekly w
            where w.id = #{id} and w.user_id = u.id
    </select>

    <select id="weeklyAttendance" resultType="String">
        select attendance
        from weekly_attendance
        where weekly_id = #{id}
    </select>
</mapper>